,Season,Team ID,TKey,Extra Pts Attempts,Extra Pts Blocked,Extra Pts Made
0,2012,768c92aa-75ff-4a43-bcc0-f2798c2e1724,768c92aa-75ff-4a43-bcc0-f2798c2e17242012,39,0,39
1,2012,4809ecb0-abd3-451d-9c4a-92a90b83ca06,4809ecb0-abd3-451d-9c4a-92a90b83ca062012,29,0,29
2,2012,5fee86ae-74ab-4bdd-8416-42a9dd9964f3,5fee86ae-74ab-4bdd-8416-42a9dd9964f32012,30,0,30
3,2012,97354895-8c77-4fd4-a860-32e62ea7382a,97354895-8c77-4fd4-a860-32e62ea7382a2012,66,0,66
4,2012,ad4ae08f-d808-42d5-a1e6-e9bc4e34d123,ad4ae08f-d808-42d5-a1e6-e9bc4e34d1232012,43,0,43
5,2012,d5a2eb42-8065-4174-ab79-0a6fa820e35e,d5a2eb42-8065-4174-ab79-0a6fa820e35e2012,29,0,29
6,2012,ebd87119-b331-4469-9ea6-d51fe3ce2f1c,ebd87119-b331-4469-9ea6-d51fe3ce2f1c2012,42,0,42
7,2012,cb2f9f1f-ac67-424e-9e72-1475cb0ed398,cb2f9f1f-ac67-424e-9e72-1475cb0ed3982012,34,0,34
8,2012,82cf9565-6eb9-4f01-bdbd-5aa0d472fcd9,82cf9565-6eb9-4f01-bdbd-5aa0d472fcd92012,37,0,37
9,2012,f7ddd7fa-0bae-4f90-bc8e-669e4d6cf2de,f7ddd7fa-0bae-4f90-bc8e-669e4d6cf2de2012,19,1,18
10,2012,82d2d380-3834-4938-835f-aec541e5ece7,82d2d380-3834-4938-835f-aec541e5ece72012,45,0,45
11,2012,d26a1ca5-722d-4274-8f97-c92e49c96315,d26a1ca5-722d-4274-8f97-c92e49c963152012,35,0,35
12,2012,ce92bd47-93d5-4fe9-ada4-0fc681e6caa0,ce92bd47-93d5-4fe9-ada4-0fc681e6caa02012,55,0,55
13,2012,6680d28d-d4d2-49f6-aace-5292d3ec02c2,6680d28d-d4d2-49f6-aace-5292d3ec02c22012,17,0,17
14,2012,1c1cec48-6352-4556-b789-35304c1a6ae1,1c1cec48-6352-4556-b789-35304c1a6ae12012,25,0,25
15,2012,e627eec7-bbae-4fa4-8e73-8e1d6bc5c060,e627eec7-bbae-4fa4-8e73-8e1d6bc5c0602012,37,0,37
16,2012,386bdbf9-9eea-4869-bb9a-274b0bc66e80,386bdbf9-9eea-4869-bb9a-274b0bc66e802012,26,0,25
17,2012,04aa1c9d-66da-489d-b16a-1dee3f2eec4d,04aa1c9d-66da-489d-b16a-1dee3f2eec4d2012,46,0,46
18,2012,22052ff7-c065-42ee-bc8f-c4691c50e624,22052ff7-c065-42ee-bc8f-c4691c50e6242012,51,1,50
19,2012,7b112545-38e6-483c-a55c-96cf6ee49cb8,7b112545-38e6-483c-a55c-96cf6ee49cb82012,40,0,40
20,2012,c5a59daa-53a7-4de0-851f-fb12be893e9e,c5a59daa-53a7-4de0-851f-fb12be893e9e2012,38,0,38
21,2012,a20471b4-a8d9-40c7-95ad-90cc30e46932,a20471b4-a8d9-40c7-95ad-90cc30e469322012,50,0,50
22,2012,33405046-04ee-4058-a950-d606f8c30852,33405046-04ee-4058-a950-d606f8c308522012,36,0,36
23,2012,4254d319-1bc7-4f81-b4ab-b5e6f3402b69,4254d319-1bc7-4f81-b4ab-b5e6f3402b692012,39,0,39
24,2012,e6aa13a4-0055-48a9-bc41-be28dc106929,e6aa13a4-0055-48a9-bc41-be28dc1069292012,44,0,44
25,2012,f14bf5cc-9a82-4a38-bc15-d39f75ed5314,f14bf5cc-9a82-4a38-bc15-d39f75ed53142012,44,0,43
26,2012,0d855753-ea21-4953-89f9-0e20aff9eb73,0d855753-ea21-4953-89f9-0e20aff9eb732012,57,0,57
27,2012,f0e724b0-4cbf-495a-be47-013907608da9,f0e724b0-4cbf-495a-be47-013907608da92012,44,0,44
28,2012,de760528-1dc0-416a-a978-b510d20692ff,de760528-1dc0-416a-a978-b510d20692ff2012,25,0,25
29,2012,3d08af9e-c767-4f88-a7dc-b920c6d2b4a8,3d08af9e-c767-4f88-a7dc-b920c6d2b4a82012,48,2,46
30,2013,768c92aa-75ff-4a43-bcc0-f2798c2e1724,768c92aa-75ff-4a43-bcc0-f2798c2e17242013,32,0,32
31,2013,4809ecb0-abd3-451d-9c4a-92a90b83ca06,4809ecb0-abd3-451d-9c4a-92a90b83ca062013,33,0,33
32,2013,5fee86ae-74ab-4bdd-8416-42a9dd9964f3,5fee86ae-74ab-4bdd-8416-42a9dd9964f32013,27,0,27
33,2013,97354895-8c77-4fd4-a860-32e62ea7382a,97354895-8c77-4fd4-a860-32e62ea7382a2013,44,0,44
34,2013,ad4ae08f-d808-42d5-a1e6-e9bc4e34d123,ad4ae08f-d808-42d5-a1e6-e9bc4e34d1232013,53,1,52
35,2013,d5a2eb42-8065-4174-ab79-0a6fa820e35e,d5a2eb42-8065-4174-ab79-0a6fa820e35e2013,33,0,33
36,2013,ebd87119-b331-4469-9ea6-d51fe3ce2f1c,ebd87119-b331-4469-9ea6-d51fe3ce2f1c2013,26,0,26
37,2013,cb2f9f1f-ac67-424e-9e72-1475cb0ed398,cb2f9f1f-ac67-424e-9e72-1475cb0ed3982013,39,0,39
38,2013,82cf9565-6eb9-4f01-bdbd-5aa0d472fcd9,82cf9565-6eb9-4f01-bdbd-5aa0d472fcd92013,34,0,34
39,2013,f7ddd7fa-0bae-4f90-bc8e-669e4d6cf2de,f7ddd7fa-0bae-4f90-bc8e-669e4d6cf2de2013,23,1,22
40,2013,82d2d380-3834-4938-835f-aec541e5ece7,82d2d380-3834-4938-835f-aec541e5ece72013,26,0,26
41,2013,d26a1ca5-722d-4274-8f97-c92e49c96315,d26a1ca5-722d-4274-8f97-c92e49c963152013,41,0,41
42,2013,ce92bd47-93d5-4fe9-ada4-0fc681e6caa0,ce92bd47-93d5-4fe9-ada4-0fc681e6caa02013,75,0,75
43,2013,6680d28d-d4d2-49f6-aace-5292d3ec02c2,6680d28d-d4d2-49f6-aace-5292d3ec02c22013,52,0,52
44,2013,1c1cec48-6352-4556-b789-35304c1a6ae1,1c1cec48-6352-4556-b789-35304c1a6ae12013,37,0,37
45,2013,e627eec7-bbae-4fa4-8e73-8e1d6bc5c060,e627eec7-bbae-4fa4-8e73-8e1d6bc5c0602013,47,0,47
46,2013,386bdbf9-9eea-4869-bb9a-274b0bc66e80,386bdbf9-9eea-4869-bb9a-274b0bc66e802013,45,0,45
47,2013,04aa1c9d-66da-489d-b16a-1dee3f2eec4d,04aa1c9d-66da-489d-b16a-1dee3f2eec4d2013,31,0,31
48,2013,22052ff7-c065-42ee-bc8f-c4691c50e624,22052ff7-c065-42ee-bc8f-c4691c50e6242013,33,0,33
49,2013,7b112545-38e6-483c-a55c-96cf6ee49cb8,7b112545-38e6-483c-a55c-96cf6ee49cb82013,46,1,45
50,2013,c5a59daa-53a7-4de0-851f-fb12be893e9e,c5a59daa-53a7-4de0-851f-fb12be893e9e2013,43,1,42
51,2013,a20471b4-a8d9-40c7-95ad-90cc30e46932,a20471b4-a8d9-40c7-95ad-90cc30e469322013,42,0,42
52,2013,33405046-04ee-4058-a950-d606f8c30852,33405046-04ee-4058-a950-d606f8c308522013,44,0,43
53,2013,4254d319-1bc7-4f81-b4ab-b5e6f3402b69,4254d319-1bc7-4f81-b4ab-b5e6f3402b692013,31,0,31
54,2013,e6aa13a4-0055-48a9-bc41-be28dc106929,e6aa13a4-0055-48a9-bc41-be28dc1069292013,39,0,39
55,2013,f14bf5cc-9a82-4a38-bc15-d39f75ed5314,f14bf5cc-9a82-4a38-bc15-d39f75ed53142013,42,0,42
56,2013,0d855753-ea21-4953-89f9-0e20aff9eb73,0d855753-ea21-4953-89f9-0e20aff9eb732013,48,0,48
57,2013,f0e724b0-4cbf-495a-be47-013907608da9,f0e724b0-4cbf-495a-be47-013907608da92013,44,0,44
58,2013,de760528-1dc0-416a-a978-b510d20692ff,de760528-1dc0-416a-a978-b510d20692ff2013,37,0,37
59,2013,3d08af9e-c767-4f88-a7dc-b920c6d2b4a8,3d08af9e-c767-4f88-a7dc-b920c6d2b4a82013,44,0,44
60,2014,768c92aa-75ff-4a43-bcc0-f2798c2e1724,768c92aa-75ff-4a43-bcc0-f2798c2e17242014,32,0,31
61,2014,4809ecb0-abd3-451d-9c4a-92a90b83ca06,4809ecb0-abd3-451d-9c4a-92a90b83ca062014,41,0,41
62,2014,5fee86ae-74ab-4bdd-8416-42a9dd9964f3,5fee86ae-74ab-4bdd-8416-42a9dd9964f32014,23,0,23
63,2014,97354895-8c77-4fd4-a860-32e62ea7382a,97354895-8c77-4fd4-a860-32e62ea7382a2014,51,0,51
64,2014,ad4ae08f-d808-42d5-a1e6-e9bc4e34d123,ad4ae08f-d808-42d5-a1e6-e9bc4e34d1232014,39,0,39
65,2014,d5a2eb42-8065-4174-ab79-0a6fa820e35e,d5a2eb42-8065-4174-ab79-0a6fa820e35e2014,30,0,30
66,2014,ebd87119-b331-4469-9ea6-d51fe3ce2f1c,ebd87119-b331-4469-9ea6-d51fe3ce2f1c2014,42,0,42
67,2014,cb2f9f1f-ac67-424e-9e72-1475cb0ed398,cb2f9f1f-ac67-424e-9e72-1475cb0ed3982014,45,0,45
68,2014,82cf9565-6eb9-4f01-bdbd-5aa0d472fcd9,82cf9565-6eb9-4f01-bdbd-5aa0d472fcd92014,50,0,50
69,2014,f7ddd7fa-0bae-4f90-bc8e-669e4d6cf2de,f7ddd7fa-0bae-4f90-bc8e-669e4d6cf2de2014,23,0,23
70,2014,82d2d380-3834-4938-835f-aec541e5ece7,82d2d380-3834-4938-835f-aec541e5ece72014,40,0,40
71,2014,d26a1ca5-722d-4274-8f97-c92e49c96315,d26a1ca5-722d-4274-8f97-c92e49c963152014,27,0,27
72,2014,ce92bd47-93d5-4fe9-ada4-0fc681e6caa0,ce92bd47-93d5-4fe9-ada4-0fc681e6caa02014,56,0,56
73,2014,6680d28d-d4d2-49f6-aace-5292d3ec02c2,6680d28d-d4d2-49f6-aace-5292d3ec02c22014,38,0,38
74,2014,1c1cec48-6352-4556-b789-35304c1a6ae1,1c1cec48-6352-4556-b789-35304c1a6ae12014,28,0,28
75,2014,e627eec7-bbae-4fa4-8e73-8e1d6bc5c060,e627eec7-bbae-4fa4-8e73-8e1d6bc5c0602014,56,0,56
76,2014,386bdbf9-9eea-4869-bb9a-274b0bc66e80,386bdbf9-9eea-4869-bb9a-274b0bc66e802014,54,0,54
77,2014,04aa1c9d-66da-489d-b16a-1dee3f2eec4d,04aa1c9d-66da-489d-b16a-1dee3f2eec4d2014,44,0,44
78,2014,22052ff7-c065-42ee-bc8f-c4691c50e624,22052ff7-c065-42ee-bc8f-c4691c50e6242014,32,1,31
79,2014,7b112545-38e6-483c-a55c-96cf6ee49cb8,7b112545-38e6-483c-a55c-96cf6ee49cb82014,35,2,33
80,2014,c5a59daa-53a7-4de0-851f-fb12be893e9e,c5a59daa-53a7-4de0-851f-fb12be893e9e2014,32,0,32
81,2014,a20471b4-a8d9-40c7-95ad-90cc30e46932,a20471b4-a8d9-40c7-95ad-90cc30e469322014,55,2,53
82,2014,33405046-04ee-4058-a950-d606f8c30852,33405046-04ee-4058-a950-d606f8c308522014,29,0,29
83,2014,4254d319-1bc7-4f81-b4ab-b5e6f3402b69,4254d319-1bc7-4f81-b4ab-b5e6f3402b692014,31,0,31
84,2014,e6aa13a4-0055-48a9-bc41-be28dc106929,e6aa13a4-0055-48a9-bc41-be28dc1069292014,40,0,40
85,2014,f14bf5cc-9a82-4a38-bc15-d39f75ed5314,f14bf5cc-9a82-4a38-bc15-d39f75ed53142014,34,0,34
86,2014,0d855753-ea21-4953-89f9-0e20aff9eb73,0d855753-ea21-4953-89f9-0e20aff9eb732014,47,1,46
87,2014,f0e724b0-4cbf-495a-be47-013907608da9,f0e724b0-4cbf-495a-be47-013907608da92014,33,0,33
88,2014,de760528-1dc0-416a-a978-b510d20692ff,de760528-1dc0-416a-a978-b510d20692ff2014,27,0,27
89,2014,3d08af9e-c767-4f88-a7dc-b920c6d2b4a8,3d08af9e-c767-4f88-a7dc-b920c6d2b4a82014,41,0,41
90,2015,768c92aa-75ff-4a43-bcc0-f2798c2e1724,768c92aa-75ff-4a43-bcc0-f2798c2e17242015,40,0,34
91,2015,4809ecb0-abd3-451d-9c4a-92a90b83ca06,4809ecb0-abd3-451d-9c4a-92a90b83ca062015,36,0,33
92,2015,5fee86ae-74ab-4bdd-8416-42a9dd9964f3,5fee86ae-74ab-4bdd-8416-42a9dd9964f32015,43,0,42
93,2015,97354895-8c77-4fd4-a860-32e62ea7382a,97354895-8c77-4fd4-a860-32e62ea7382a2015,52,0,52
94,2015,ad4ae08f-d808-42d5-a1e6-e9bc4e34d123,ad4ae08f-d808-42d5-a1e6-e9bc4e34d1232015,49,1,48
95,2015,d5a2eb42-8065-4174-ab79-0a6fa820e35e,d5a2eb42-8065-4174-ab79-0a6fa820e35e2015,24,0,22
96,2015,ebd87119-b331-4469-9ea6-d51fe3ce2f1c,ebd87119-b331-4469-9ea6-d51fe3ce2f1c2015,29,0,29
97,2015,cb2f9f1f-ac67-424e-9e72-1475cb0ed398,cb2f9f1f-ac67-424e-9e72-1475cb0ed3982015,34,0,32
98,2015,82cf9565-6eb9-4f01-bdbd-5aa0d472fcd9,82cf9565-6eb9-4f01-bdbd-5aa0d472fcd92015,35,1,32
99,2015,f7ddd7fa-0bae-4f90-bc8e-669e4d6cf2de,f7ddd7fa-0bae-4f90-bc8e-669e4d6cf2de2015,39,0,32
100,2015,82d2d380-3834-4938-835f-aec541e5ece7,82d2d380-3834-4938-835f-aec541e5ece72015,36,0,32
101,2015,d26a1ca5-722d-4274-8f97-c92e49c96315,d26a1ca5-722d-4274-8f97-c92e49c963152015,31,1,29
102,2015,ce92bd47-93d5-4fe9-ada4-0fc681e6caa0,ce92bd47-93d5-4fe9-ada4-0fc681e6caa02015,36,0,35
103,2015,6680d28d-d4d2-49f6-aace-5292d3ec02c2,6680d28d-d4d2-49f6-aace-5292d3ec02c22015,41,0,39
104,2015,1c1cec48-6352-4556-b789-35304c1a6ae1,1c1cec48-6352-4556-b789-35304c1a6ae12015,39,0,38
105,2015,e627eec7-bbae-4fa4-8e73-8e1d6bc5c060,e627eec7-bbae-4fa4-8e73-8e1d6bc5c0602015,25,0,25
106,2015,386bdbf9-9eea-4869-bb9a-274b0bc66e80,386bdbf9-9eea-4869-bb9a-274b0bc66e802015,44,0,42
107,2015,04aa1c9d-66da-489d-b16a-1dee3f2eec4d,04aa1c9d-66da-489d-b16a-1dee3f2eec4d2015,45,0,44
108,2015,22052ff7-c065-42ee-bc8f-c4691c50e624,22052ff7-c065-42ee-bc8f-c4691c50e6242015,41,0,40
109,2015,7b112545-38e6-483c-a55c-96cf6ee49cb8,7b112545-38e6-483c-a55c-96cf6ee49cb82015,29,1,28
110,2015,c5a59daa-53a7-4de0-851f-fb12be893e9e,c5a59daa-53a7-4de0-851f-fb12be893e9e2015,39,1,36
111,2015,a20471b4-a8d9-40c7-95ad-90cc30e46932,a20471b4-a8d9-40c7-95ad-90cc30e469322015,36,0,36
112,2015,33405046-04ee-4058-a950-d606f8c30852,33405046-04ee-4058-a950-d606f8c308522015,37,0,33
113,2015,4254d319-1bc7-4f81-b4ab-b5e6f3402b69,4254d319-1bc7-4f81-b4ab-b5e6f3402b692015,34,0,31
114,2015,e6aa13a4-0055-48a9-bc41-be28dc106929,e6aa13a4-0055-48a9-bc41-be28dc1069292015,34,0,34
115,2015,f14bf5cc-9a82-4a38-bc15-d39f75ed5314,f14bf5cc-9a82-4a38-bc15-d39f75ed53142015,59,1,56
116,2015,0d855753-ea21-4953-89f9-0e20aff9eb73,0d855753-ea21-4953-89f9-0e20aff9eb732015,46,1,44
117,2015,f0e724b0-4cbf-495a-be47-013907608da9,f0e724b0-4cbf-495a-be47-013907608da92015,21,1,20
118,2015,de760528-1dc0-416a-a978-b510d20692ff,de760528-1dc0-416a-a978-b510d20692ff2015,58,0,53
119,2015,3d08af9e-c767-4f88-a7dc-b920c6d2b4a8,3d08af9e-c767-4f88-a7dc-b920c6d2b4a82015,44,2,40
120,2016,768c92aa-75ff-4a43-bcc0-f2798c2e1724,768c92aa-75ff-4a43-bcc0-f2798c2e17242016,45,1,40
121,2016,4809ecb0-abd3-451d-9c4a-92a90b83ca06,4809ecb0-abd3-451d-9c4a-92a90b83ca062016,42,0,41
122,2016,5fee86ae-74ab-4bdd-8416-42a9dd9964f3,5fee86ae-74ab-4bdd-8416-42a9dd9964f32016,26,0,24
123,2016,97354895-8c77-4fd4-a860-32e62ea7382a,97354895-8c77-4fd4-a860-32e62ea7382a2016,49,0,46
124,2016,ad4ae08f-d808-42d5-a1e6-e9bc4e34d123,ad4ae08f-d808-42d5-a1e6-e9bc4e34d1232016,35,0,29
125,2016,d5a2eb42-8065-4174-ab79-0a6fa820e35e,d5a2eb42-8065-4174-ab79-0a6fa820e35e2016,25,1,23
126,2016,ebd87119-b331-4469-9ea6-d51fe3ce2f1c,ebd87119-b331-4469-9ea6-d51fe3ce2f1c2016,27,0,27
127,2016,cb2f9f1f-ac67-424e-9e72-1475cb0ed398,cb2f9f1f-ac67-424e-9e72-1475cb0ed3982016,37,0,37
128,2016,82cf9565-6eb9-4f01-bdbd-5aa0d472fcd9,82cf9565-6eb9-4f01-bdbd-5aa0d472fcd92016,44,0,44
129,2016,f7ddd7fa-0bae-4f90-bc8e-669e4d6cf2de,f7ddd7fa-0bae-4f90-bc8e-669e4d6cf2de2016,32,0,29
130,2016,82d2d380-3834-4938-835f-aec541e5ece7,82d2d380-3834-4938-835f-aec541e5ece72016,25,1,22
131,2016,d26a1ca5-722d-4274-8f97-c92e49c96315,d26a1ca5-722d-4274-8f97-c92e49c963152016,41,1,39
132,2016,ce92bd47-93d5-4fe9-ada4-0fc681e6caa0,ce92bd47-93d5-4fe9-ada4-0fc681e6caa02016,33,1,32
133,2016,6680d28d-d4d2-49f6-aace-5292d3ec02c2,6680d28d-d4d2-49f6-aace-5292d3ec02c22016,39,1,36
134,2016,1c1cec48-6352-4556-b789-35304c1a6ae1,1c1cec48-6352-4556-b789-35304c1a6ae12016,39,1,37
135,2016,e627eec7-bbae-4fa4-8e73-8e1d6bc5c060,e627eec7-bbae-4fa4-8e73-8e1d6bc5c0602016,46,0,46
136,2016,386bdbf9-9eea-4869-bb9a-274b0bc66e80,386bdbf9-9eea-4869-bb9a-274b0bc66e802016,31,0,30
137,2016,04aa1c9d-66da-489d-b16a-1dee3f2eec4d,04aa1c9d-66da-489d-b16a-1dee3f2eec4d2016,35,0,31
138,2016,22052ff7-c065-42ee-bc8f-c4691c50e624,22052ff7-c065-42ee-bc8f-c4691c50e6242016,39,0,36
139,2016,7b112545-38e6-483c-a55c-96cf6ee49cb8,7b112545-38e6-483c-a55c-96cf6ee49cb82016,32,0,31
140,2016,c5a59daa-53a7-4de0-851f-fb12be893e9e,c5a59daa-53a7-4de0-851f-fb12be893e9e2016,33,1,31
141,2016,a20471b4-a8d9-40c7-95ad-90cc30e46932,a20471b4-a8d9-40c7-95ad-90cc30e469322016,47,0,44
142,2016,33405046-04ee-4058-a950-d606f8c30852,33405046-04ee-4058-a950-d606f8c308522016,33,1,26
143,2016,4254d319-1bc7-4f81-b4ab-b5e6f3402b69,4254d319-1bc7-4f81-b4ab-b5e6f3402b692016,34,0,32
144,2016,e6aa13a4-0055-48a9-bc41-be28dc106929,e6aa13a4-0055-48a9-bc41-be28dc1069292016,57,0,56
145,2016,f14bf5cc-9a82-4a38-bc15-d39f75ed5314,f14bf5cc-9a82-4a38-bc15-d39f75ed53142016,34,2,31
146,2016,0d855753-ea21-4953-89f9-0e20aff9eb73,0d855753-ea21-4953-89f9-0e20aff9eb732016,50,1,49
147,2016,f0e724b0-4cbf-495a-be47-013907608da9,f0e724b0-4cbf-495a-be47-013907608da92016,34,0,33
148,2016,de760528-1dc0-416a-a978-b510d20692ff,de760528-1dc0-416a-a978-b510d20692ff2016,47,1,43
149,2016,2eff2a03-54d4-46ba-890e-2bc3925548f3,2eff2a03-54d4-46ba-890e-2bc3925548f32016,23,0,23
150,2016,3d08af9e-c767-4f88-a7dc-b920c6d2b4a8,3d08af9e-c767-4f88-a7dc-b920c6d2b4a82016,35,5,29
151,2017,768c92aa-75ff-4a43-bcc0-f2798c2e1724,768c92aa-75ff-4a43-bcc0-f2798c2e17242017,29,0,29
152,2017,4809ecb0-abd3-451d-9c4a-92a90b83ca06,4809ecb0-abd3-451d-9c4a-92a90b83ca062017,29,0,26
153,2017,5fee86ae-74ab-4bdd-8416-42a9dd9964f3,5fee86ae-74ab-4bdd-8416-42a9dd9964f32017,29,0,29
154,2017,97354895-8c77-4fd4-a860-32e62ea7382a,97354895-8c77-4fd4-a860-32e62ea7382a2017,47,0,45
155,2017,ad4ae08f-d808-42d5-a1e6-e9bc4e34d123,ad4ae08f-d808-42d5-a1e6-e9bc4e34d1232017,34,0,32
156,2017,d5a2eb42-8065-4174-ab79-0a6fa820e35e,d5a2eb42-8065-4174-ab79-0a6fa820e35e2017,26,0,25
157,2017,ebd87119-b331-4469-9ea6-d51fe3ce2f1c,ebd87119-b331-4469-9ea6-d51fe3ce2f1c2017,39,0,39
158,2017,cb2f9f1f-ac67-424e-9e72-1475cb0ed398,cb2f9f1f-ac67-424e-9e72-1475cb0ed3982017,39,1,37
159,2017,82cf9565-6eb9-4f01-bdbd-5aa0d472fcd9,82cf9565-6eb9-4f01-bdbd-5aa0d472fcd92017,24,0,22
160,2017,f7ddd7fa-0bae-4f90-bc8e-669e4d6cf2de,f7ddd7fa-0bae-4f90-bc8e-669e4d6cf2de2017,41,1,37
161,2017,82d2d380-3834-4938-835f-aec541e5ece7,82d2d380-3834-4938-835f-aec541e5ece72017,35,0,32
162,2017,d26a1ca5-722d-4274-8f97-c92e49c96315,d26a1ca5-722d-4274-8f97-c92e49c963152017,33,1,31
163,2017,ce92bd47-93d5-4fe9-ada4-0fc681e6caa0,ce92bd47-93d5-4fe9-ada4-0fc681e6caa02017,27,0,27
164,2017,1f6dcffb-9823-43cd-9ff4-e7a8466749b5,1f6dcffb-9823-43cd-9ff4-e7a8466749b52017,42,1,37
165,2017,6680d28d-d4d2-49f6-aace-5292d3ec02c2,6680d28d-d4d2-49f6-aace-5292d3ec02c22017,40,0,40
166,2017,1c1cec48-6352-4556-b789-35304c1a6ae1,1c1cec48-6352-4556-b789-35304c1a6ae12017,34,0,33
167,2017,e627eec7-bbae-4fa4-8e73-8e1d6bc5c060,e627eec7-bbae-4fa4-8e73-8e1d6bc5c0602017,39,0,36
168,2017,386bdbf9-9eea-4869-bb9a-274b0bc66e80,386bdbf9-9eea-4869-bb9a-274b0bc66e802017,44,0,40
169,2017,04aa1c9d-66da-489d-b16a-1dee3f2eec4d,04aa1c9d-66da-489d-b16a-1dee3f2eec4d2017,23,2,20
170,2017,22052ff7-c065-42ee-bc8f-c4691c50e624,22052ff7-c065-42ee-bc8f-c4691c50e6242017,39,0,36
171,2017,7b112545-38e6-483c-a55c-96cf6ee49cb8,7b112545-38e6-483c-a55c-96cf6ee49cb82017,28,1,26
172,2017,c5a59daa-53a7-4de0-851f-fb12be893e9e,c5a59daa-53a7-4de0-851f-fb12be893e9e2017,41,0,40
173,2017,a20471b4-a8d9-40c7-95ad-90cc30e46932,a20471b4-a8d9-40c7-95ad-90cc30e469322017,35,0,33
174,2017,33405046-04ee-4058-a950-d606f8c30852,33405046-04ee-4058-a950-d606f8c308522017,39,2,34
175,2017,4254d319-1bc7-4f81-b4ab-b5e6f3402b69,4254d319-1bc7-4f81-b4ab-b5e6f3402b692017,31,0,28
176,2017,e6aa13a4-0055-48a9-bc41-be28dc106929,e6aa13a4-0055-48a9-bc41-be28dc1069292017,35,0,35
177,2017,f14bf5cc-9a82-4a38-bc15-d39f75ed5314,f14bf5cc-9a82-4a38-bc15-d39f75ed53142017,37,1,34
178,2017,0d855753-ea21-4953-89f9-0e20aff9eb73,0d855753-ea21-4953-89f9-0e20aff9eb732017,50,2,47
179,2017,f0e724b0-4cbf-495a-be47-013907608da9,f0e724b0-4cbf-495a-be47-013907608da92017,30,1,28
180,2017,de760528-1dc0-416a-a978-b510d20692ff,de760528-1dc0-416a-a978-b510d20692ff2017,26,2,23
181,2017,2eff2a03-54d4-46ba-890e-2bc3925548f3,2eff2a03-54d4-46ba-890e-2bc3925548f32017,51,0,48
182,2017,3d08af9e-c767-4f88-a7dc-b920c6d2b4a8,3d08af9e-c767-4f88-a7dc-b920c6d2b4a82017,38,0,37
183,2018,768c92aa-75ff-4a43-bcc0-f2798c2e1724,768c92aa-75ff-4a43-bcc0-f2798c2e17242018,26,0,25
184,2018,4809ecb0-abd3-451d-9c4a-92a90b83ca06,4809ecb0-abd3-451d-9c4a-92a90b83ca062018,36,0,35
185,2018,5fee86ae-74ab-4bdd-8416-42a9dd9964f3,5fee86ae-74ab-4bdd-8416-42a9dd9964f32018,33,0,30
186,2018,97354895-8c77-4fd4-a860-32e62ea7382a,97354895-8c77-4fd4-a860-32e62ea7382a2018,50,0,49
187,2018,ad4ae08f-d808-42d5-a1e6-e9bc4e34d123,ad4ae08f-d808-42d5-a1e6-e9bc4e34d1232018,41,0,39
188,2018,d5a2eb42-8065-4174-ab79-0a6fa820e35e,d5a2eb42-8065-4174-ab79-0a6fa820e35e2018,34,0,28
189,2018,ebd87119-b331-4469-9ea6-d51fe3ce2f1c,ebd87119-b331-4469-9ea6-d51fe3ce2f1c2018,37,0,36
190,2018,cb2f9f1f-ac67-424e-9e72-1475cb0ed398,cb2f9f1f-ac67-424e-9e72-1475cb0ed3982018,49,0,44
191,2018,82cf9565-6eb9-4f01-bdbd-5aa0d472fcd9,82cf9565-6eb9-4f01-bdbd-5aa0d472fcd92018,47,0,44
192,2018,f7ddd7fa-0bae-4f90-bc8e-669e4d6cf2de,f7ddd7fa-0bae-4f90-bc8e-669e4d6cf2de2018,23,1,22
193,2018,82d2d380-3834-4938-835f-aec541e5ece7,82d2d380-3834-4938-835f-aec541e5ece72018,41,0,39
194,2018,d26a1ca5-722d-4274-8f97-c92e49c96315,d26a1ca5-722d-4274-8f97-c92e49c963152018,31,1,28
195,2018,ce92bd47-93d5-4fe9-ada4-0fc681e6caa0,ce92bd47-93d5-4fe9-ada4-0fc681e6caa02018,35,0,35
196,2018,1f6dcffb-9823-43cd-9ff4-e7a8466749b5,1f6dcffb-9823-43cd-9ff4-e7a8466749b52018,43,0,36
197,2018,6680d28d-d4d2-49f6-aace-5292d3ec02c2,6680d28d-d4d2-49f6-aace-5292d3ec02c22018,69,1,65
198,2018,1c1cec48-6352-4556-b789-35304c1a6ae1,1c1cec48-6352-4556-b789-35304c1a6ae12018,28,1,27
199,2018,e627eec7-bbae-4fa4-8e73-8e1d6bc5c060,e627eec7-bbae-4fa4-8e73-8e1d6bc5c0602018,33,0,32
200,2018,386bdbf9-9eea-4869-bb9a-274b0bc66e80,386bdbf9-9eea-4869-bb9a-274b0bc66e802018,35,0,33
201,2018,04aa1c9d-66da-489d-b16a-1dee3f2eec4d,04aa1c9d-66da-489d-b16a-1dee3f2eec4d2018,32,0,31
202,2018,22052ff7-c065-42ee-bc8f-c4691c50e624,22052ff7-c065-42ee-bc8f-c4691c50e6242018,26,0,25
203,2018,7b112545-38e6-483c-a55c-96cf6ee49cb8,7b112545-38e6-483c-a55c-96cf6ee49cb82018,45,0,42
204,2018,c5a59daa-53a7-4de0-851f-fb12be893e9e,c5a59daa-53a7-4de0-851f-fb12be893e9e2018,30,0,30
205,2018,a20471b4-a8d9-40c7-95ad-90cc30e46932,a20471b4-a8d9-40c7-95ad-90cc30e469322018,36,0,34
206,2018,33405046-04ee-4058-a950-d606f8c30852,33405046-04ee-4058-a950-d606f8c308522018,37,0,36
207,2018,4254d319-1bc7-4f81-b4ab-b5e6f3402b69,4254d319-1bc7-4f81-b4ab-b5e6f3402b692018,44,0,40
208,2018,e6aa13a4-0055-48a9-bc41-be28dc106929,e6aa13a4-0055-48a9-bc41-be28dc1069292018,43,0,41
209,2018,f14bf5cc-9a82-4a38-bc15-d39f75ed5314,f14bf5cc-9a82-4a38-bc15-d39f75ed53142018,41,0,37
210,2018,0d855753-ea21-4953-89f9-0e20aff9eb73,0d855753-ea21-4953-89f9-0e20aff9eb732018,53,0,52
211,2018,f0e724b0-4cbf-495a-be47-013907608da9,f0e724b0-4cbf-495a-be47-013907608da92018,29,0,27
212,2018,de760528-1dc0-416a-a978-b510d20692ff,de760528-1dc0-416a-a978-b510d20692ff2018,24,0,23
213,2018,2eff2a03-54d4-46ba-890e-2bc3925548f3,2eff2a03-54d4-46ba-890e-2bc3925548f32018,53,0,51
214,2018,3d08af9e-c767-4f88-a7dc-b920c6d2b4a8,3d08af9e-c767-4f88-a7dc-b920c6d2b4a82018,51,0,48
