,Player Season,Player ID,Team ID,Extra Pts Attempts,Extra Pts Blocked,Extra Pts Made
0,2012,a527b7db-0b52-4379-9e4c-2e08c1fe1bed,97354895-8c77-4fd4-a860-32e62ea7382a,66,0,66
1,2012,e017e12b-07a7-4a35-b837-2faa9ffe3ce8,ad4ae08f-d808-42d5-a1e6-e9bc4e34d123,35,0,35
2,2012,e5247e5f-c4af-4a9b-8c7c-da75ef7fbf8d,d5a2eb42-8065-4174-ab79-0a6fa820e35e,29,0,29
3,2012,20a0bad2-d530-4ff4-a2df-5c0a21a1f5db,ebd87119-b331-4469-9ea6-d51fe3ce2f1c,42,0,42
4,2012,9ecf8040-10f9-4a5c-92da-1b4d77bd6760,82cf9565-6eb9-4f01-bdbd-5aa0d472fcd9,37,0,37
5,2012,67f5e782-f91c-4536-9818-cf4a0e7e821d,ce92bd47-93d5-4fe9-ada4-0fc681e6caa0,55,0,55
6,2012,ecc4f0c1-64e0-46cc-9b58-91c2b215e62a,6680d28d-d4d2-49f6-aace-5292d3ec02c2,17,0,17
7,2012,480277d1-47c9-44df-969e-038a84cd0fea,1c1cec48-6352-4556-b789-35304c1a6ae1,25,0,25
8,2012,beb64618-614c-49f7-a3aa-c0c75b7839ea,e627eec7-bbae-4fa4-8e73-8e1d6bc5c060,37,0,37
9,2012,5514afb6-bd43-49a8-9bf7-b8baaaecdabe,22052ff7-c065-42ee-bc8f-c4691c50e624,33,1,33
10,2012,abd73d50-ce60-47f1-b37f-2f9a05b0d7b9,7b112545-38e6-483c-a55c-96cf6ee49cb8,33,0,33
11,2012,e0856548-6fd5-4f83-9aa0-91f1bf4cbbd8,a20471b4-a8d9-40c7-95ad-90cc30e46932,50,0,50
12,2012,218d1644-603e-4da3-9ce1-48ce3927494f,e6aa13a4-0055-48a9-bc41-be28dc106929,44,0,44
13,2012,63f8a401-f308-4463-9d0b-4335b98da682,f14bf5cc-9a82-4a38-bc15-d39f75ed5314,21,0,20
14,2012,40cda44b-2ee3-4ad1-834e-995e30db84d4,3d08af9e-c767-4f88-a7dc-b920c6d2b4a8,46,2,46
15,2013,596c4000-ede5-45b0-8336-33efeb686d2b,4809ecb0-abd3-451d-9c4a-92a90b83ca06,33,0,33
16,2013,a527b7db-0b52-4379-9e4c-2e08c1fe1bed,97354895-8c77-4fd4-a860-32e62ea7382a,44,0,44
17,2013,e017e12b-07a7-4a35-b837-2faa9ffe3ce8,ad4ae08f-d808-42d5-a1e6-e9bc4e34d123,52,1,52
18,2013,20a0bad2-d530-4ff4-a2df-5c0a21a1f5db,ebd87119-b331-4469-9ea6-d51fe3ce2f1c,26,0,26
19,2013,9ecf8040-10f9-4a5c-92da-1b4d77bd6760,82cf9565-6eb9-4f01-bdbd-5aa0d472fcd9,34,0,34
20,2013,c7d8781f-b9f6-4e0f-b0b6-29fce3985f3e,82d2d380-3834-4938-835f-aec541e5ece7,26,0,26
21,2013,67f5e782-f91c-4536-9818-cf4a0e7e821d,ce92bd47-93d5-4fe9-ada4-0fc681e6caa0,75,0,75
22,2013,ecc4f0c1-64e0-46cc-9b58-91c2b215e62a,6680d28d-d4d2-49f6-aace-5292d3ec02c2,52,0,52
23,2013,480277d1-47c9-44df-969e-038a84cd0fea,1c1cec48-6352-4556-b789-35304c1a6ae1,37,0,37
24,2013,beb64618-614c-49f7-a3aa-c0c75b7839ea,e627eec7-bbae-4fa4-8e73-8e1d6bc5c060,47,0,47
25,2013,5514afb6-bd43-49a8-9bf7-b8baaaecdabe,22052ff7-c065-42ee-bc8f-c4691c50e624,26,0,26
26,2013,abd73d50-ce60-47f1-b37f-2f9a05b0d7b9,7b112545-38e6-483c-a55c-96cf6ee49cb8,45,1,45
27,2013,e0856548-6fd5-4f83-9aa0-91f1bf4cbbd8,a20471b4-a8d9-40c7-95ad-90cc30e46932,42,0,42
28,2013,218d1644-603e-4da3-9ce1-48ce3927494f,e6aa13a4-0055-48a9-bc41-be28dc106929,39,0,39
29,2013,63f8a401-f308-4463-9d0b-4335b98da682,f14bf5cc-9a82-4a38-bc15-d39f75ed5314,42,0,42
30,2013,e5247e5f-c4af-4a9b-8c7c-da75ef7fbf8d,f0e724b0-4cbf-495a-be47-013907608da9,44,0,44
31,2013,40cda44b-2ee3-4ad1-834e-995e30db84d4,3d08af9e-c767-4f88-a7dc-b920c6d2b4a8,44,0,44
32,2014,596c4000-ede5-45b0-8336-33efeb686d2b,4809ecb0-abd3-451d-9c4a-92a90b83ca06,41,0,41
33,2014,a527b7db-0b52-4379-9e4c-2e08c1fe1bed,97354895-8c77-4fd4-a860-32e62ea7382a,51,0,51
34,2014,e017e12b-07a7-4a35-b837-2faa9ffe3ce8,ad4ae08f-d808-42d5-a1e6-e9bc4e34d123,39,0,39
35,2014,20a0bad2-d530-4ff4-a2df-5c0a21a1f5db,ebd87119-b331-4469-9ea6-d51fe3ce2f1c,42,0,42
36,2014,9ecf8040-10f9-4a5c-92da-1b4d77bd6760,82cf9565-6eb9-4f01-bdbd-5aa0d472fcd9,50,0,50
37,2014,c7d8781f-b9f6-4e0f-b0b6-29fce3985f3e,82d2d380-3834-4938-835f-aec541e5ece7,40,0,40
38,2014,ecc4f0c1-64e0-46cc-9b58-91c2b215e62a,d26a1ca5-722d-4274-8f97-c92e49c96315,27,0,27
39,2014,6444feb1-f5a4-4b45-9a45-79308a4445fd,ce92bd47-93d5-4fe9-ada4-0fc681e6caa0,41,0,41
40,2014,d96ff17c-841a-4768-8e08-3a4cfcb7f717,6680d28d-d4d2-49f6-aace-5292d3ec02c2,38,0,38
41,2014,480277d1-47c9-44df-969e-038a84cd0fea,1c1cec48-6352-4556-b789-35304c1a6ae1,28,0,28
42,2014,beb64618-614c-49f7-a3aa-c0c75b7839ea,e627eec7-bbae-4fa4-8e73-8e1d6bc5c060,56,0,56
43,2014,4b99ead5-0f79-4899-84a7-075c08890698,386bdbf9-9eea-4869-bb9a-274b0bc66e80,54,0,54
44,2014,5514afb6-bd43-49a8-9bf7-b8baaaecdabe,22052ff7-c065-42ee-bc8f-c4691c50e624,31,1,31
45,2014,abd73d50-ce60-47f1-b37f-2f9a05b0d7b9,7b112545-38e6-483c-a55c-96cf6ee49cb8,28,1,28
46,2014,67f5e782-f91c-4536-9818-cf4a0e7e821d,c5a59daa-53a7-4de0-851f-fb12be893e9e,21,0,21
47,2014,e0856548-6fd5-4f83-9aa0-91f1bf4cbbd8,a20471b4-a8d9-40c7-95ad-90cc30e46932,53,2,53
48,2014,218d1644-603e-4da3-9ce1-48ce3927494f,e6aa13a4-0055-48a9-bc41-be28dc106929,40,0,40
49,2014,63f8a401-f308-4463-9d0b-4335b98da682,f14bf5cc-9a82-4a38-bc15-d39f75ed5314,34,0,34
50,2014,e5247e5f-c4af-4a9b-8c7c-da75ef7fbf8d,f0e724b0-4cbf-495a-be47-013907608da9,33,0,33
51,2014,0d1171d4-c955-4966-9257-640b569866d1,de760528-1dc0-416a-a978-b510d20692ff,27,0,27
52,2014,40cda44b-2ee3-4ad1-834e-995e30db84d4,3d08af9e-c767-4f88-a7dc-b920c6d2b4a8,41,0,41
53,2015,c7d8781f-b9f6-4e0f-b0b6-29fce3985f3e,5fee86ae-74ab-4bdd-8416-42a9dd9964f3,20,0,19
54,2015,a527b7db-0b52-4379-9e4c-2e08c1fe1bed,97354895-8c77-4fd4-a860-32e62ea7382a,52,0,52
55,2015,e017e12b-07a7-4a35-b837-2faa9ffe3ce8,ad4ae08f-d808-42d5-a1e6-e9bc4e34d123,48,1,48
56,2015,20a0bad2-d530-4ff4-a2df-5c0a21a1f5db,ebd87119-b331-4469-9ea6-d51fe3ce2f1c,29,0,29
57,2015,441eb531-1ec8-4f65-9174-78bc6adada63,cb2f9f1f-ac67-424e-9e72-1475cb0ed398,27,0,26
58,2015,9ecf8040-10f9-4a5c-92da-1b4d77bd6760,82cf9565-6eb9-4f01-bdbd-5aa0d472fcd9,34,1,32
59,2015,7af4c94b-529b-4403-ab66-2bfed3fcf0c7,f7ddd7fa-0bae-4f90-bc8e-669e4d6cf2de,39,0,32
60,2015,c7d8781f-b9f6-4e0f-b0b6-29fce3985f3e,82d2d380-3834-4938-835f-aec541e5ece7,5,0,3
61,2015,ecc4f0c1-64e0-46cc-9b58-91c2b215e62a,d26a1ca5-722d-4274-8f97-c92e49c96315,30,1,29
62,2015,6444feb1-f5a4-4b45-9a45-79308a4445fd,ce92bd47-93d5-4fe9-ada4-0fc681e6caa0,36,0,35
63,2015,d96ff17c-841a-4768-8e08-3a4cfcb7f717,6680d28d-d4d2-49f6-aace-5292d3ec02c2,41,0,39
64,2015,480277d1-47c9-44df-969e-038a84cd0fea,1c1cec48-6352-4556-b789-35304c1a6ae1,39,0,38
65,2015,beb64618-614c-49f7-a3aa-c0c75b7839ea,e627eec7-bbae-4fa4-8e73-8e1d6bc5c060,25,0,25
66,2015,4b99ead5-0f79-4899-84a7-075c08890698,386bdbf9-9eea-4869-bb9a-274b0bc66e80,7,0,7
67,2015,596c4000-ede5-45b0-8336-33efeb686d2b,386bdbf9-9eea-4869-bb9a-274b0bc66e80,37,0,35
68,2015,058c99fc-470c-4579-a165-03e043335cc1,22052ff7-c065-42ee-bc8f-c4691c50e624,40,0,39
69,2015,5514afb6-bd43-49a8-9bf7-b8baaaecdabe,22052ff7-c065-42ee-bc8f-c4691c50e624,1,0,1
70,2015,abd73d50-ce60-47f1-b37f-2f9a05b0d7b9,7b112545-38e6-483c-a55c-96cf6ee49cb8,28,1,28
71,2015,67f5e782-f91c-4536-9818-cf4a0e7e821d,c5a59daa-53a7-4de0-851f-fb12be893e9e,38,1,36
72,2015,e0856548-6fd5-4f83-9aa0-91f1bf4cbbd8,a20471b4-a8d9-40c7-95ad-90cc30e46932,36,0,36
73,2015,218d1644-603e-4da3-9ce1-48ce3927494f,e6aa13a4-0055-48a9-bc41-be28dc106929,26,0,26
74,2015,63f8a401-f308-4463-9d0b-4335b98da682,f14bf5cc-9a82-4a38-bc15-d39f75ed5314,58,1,56
75,2015,5514afb6-bd43-49a8-9bf7-b8baaaecdabe,0d855753-ea21-4953-89f9-0e20aff9eb73,34,0,33
76,2015,e5247e5f-c4af-4a9b-8c7c-da75ef7fbf8d,f0e724b0-4cbf-495a-be47-013907608da9,20,1,20
77,2015,0d1171d4-c955-4966-9257-640b569866d1,de760528-1dc0-416a-a978-b510d20692ff,58,0,53
78,2015,40cda44b-2ee3-4ad1-834e-995e30db84d4,3d08af9e-c767-4f88-a7dc-b920c6d2b4a8,42,2,40
79,2016,a527b7db-0b52-4379-9e4c-2e08c1fe1bed,97354895-8c77-4fd4-a860-32e62ea7382a,49,0,46
80,2016,c7d8781f-b9f6-4e0f-b0b6-29fce3985f3e,ad4ae08f-d808-42d5-a1e6-e9bc4e34d123,6,0,6
81,2016,e017e12b-07a7-4a35-b837-2faa9ffe3ce8,ad4ae08f-d808-42d5-a1e6-e9bc4e34d123,29,0,23
82,2016,4b99ead5-0f79-4899-84a7-075c08890698,d5a2eb42-8065-4174-ab79-0a6fa820e35e,21,0,20
83,2016,20a0bad2-d530-4ff4-a2df-5c0a21a1f5db,ebd87119-b331-4469-9ea6-d51fe3ce2f1c,27,0,27
84,2016,441eb531-1ec8-4f65-9174-78bc6adada63,cb2f9f1f-ac67-424e-9e72-1475cb0ed398,36,0,36
85,2016,c7d8781f-b9f6-4e0f-b0b6-29fce3985f3e,cb2f9f1f-ac67-424e-9e72-1475cb0ed398,1,0,1
86,2016,9ecf8040-10f9-4a5c-92da-1b4d77bd6760,82cf9565-6eb9-4f01-bdbd-5aa0d472fcd9,44,0,44
87,2016,7af4c94b-529b-4403-ab66-2bfed3fcf0c7,f7ddd7fa-0bae-4f90-bc8e-669e4d6cf2de,32,0,29
88,2016,ecc4f0c1-64e0-46cc-9b58-91c2b215e62a,d26a1ca5-722d-4274-8f97-c92e49c96315,41,1,39
89,2016,6444feb1-f5a4-4b45-9a45-79308a4445fd,ce92bd47-93d5-4fe9-ada4-0fc681e6caa0,33,1,32
90,2016,d96ff17c-841a-4768-8e08-3a4cfcb7f717,6680d28d-d4d2-49f6-aace-5292d3ec02c2,39,1,36
91,2016,480277d1-47c9-44df-969e-038a84cd0fea,1c1cec48-6352-4556-b789-35304c1a6ae1,39,1,37
92,2016,beb64618-614c-49f7-a3aa-c0c75b7839ea,e627eec7-bbae-4fa4-8e73-8e1d6bc5c060,46,0,46
93,2016,596c4000-ede5-45b0-8336-33efeb686d2b,386bdbf9-9eea-4869-bb9a-274b0bc66e80,31,0,30
94,2016,abd73d50-ce60-47f1-b37f-2f9a05b0d7b9,04aa1c9d-66da-489d-b16a-1dee3f2eec4d,23,0,20
95,2016,c7d8781f-b9f6-4e0f-b0b6-29fce3985f3e,04aa1c9d-66da-489d-b16a-1dee3f2eec4d,3,0,2
96,2016,058c99fc-470c-4579-a165-03e043335cc1,22052ff7-c065-42ee-bc8f-c4691c50e624,39,0,36
97,2016,67f5e782-f91c-4536-9818-cf4a0e7e821d,c5a59daa-53a7-4de0-851f-fb12be893e9e,33,1,31
98,2016,e0856548-6fd5-4f83-9aa0-91f1bf4cbbd8,a20471b4-a8d9-40c7-95ad-90cc30e46932,47,0,44
99,2016,5514afb6-bd43-49a8-9bf7-b8baaaecdabe,33405046-04ee-4058-a950-d606f8c30852,14,1,11
100,2016,218d1644-603e-4da3-9ce1-48ce3927494f,e6aa13a4-0055-48a9-bc41-be28dc106929,57,0,56
101,2016,63f8a401-f308-4463-9d0b-4335b98da682,f14bf5cc-9a82-4a38-bc15-d39f75ed5314,34,2,31
102,2016,c4cf84d0-6022-4ac1-a9ba-85587921c53f,0d855753-ea21-4953-89f9-0e20aff9eb73,50,1,49
103,2016,e5247e5f-c4af-4a9b-8c7c-da75ef7fbf8d,f0e724b0-4cbf-495a-be47-013907608da9,34,0,33
104,2016,0d1171d4-c955-4966-9257-640b569866d1,de760528-1dc0-416a-a978-b510d20692ff,47,1,43
105,2016,93d11276-45d2-4168-a9b7-df0cbf12dabb,2eff2a03-54d4-46ba-890e-2bc3925548f3,23,0,23
106,2016,40cda44b-2ee3-4ad1-834e-995e30db84d4,3d08af9e-c767-4f88-a7dc-b920c6d2b4a8,35,5,29
107,2017,40cda44b-2ee3-4ad1-834e-995e30db84d4,768c92aa-75ff-4a43-bcc0-f2798c2e1724,29,0,29
108,2017,4b99ead5-0f79-4899-84a7-075c08890698,4809ecb0-abd3-451d-9c4a-92a90b83ca06,29,0,26
109,2017,0d1171d4-c955-4966-9257-640b569866d1,5fee86ae-74ab-4bdd-8416-42a9dd9964f3,29,0,29
110,2017,a527b7db-0b52-4379-9e4c-2e08c1fe1bed,97354895-8c77-4fd4-a860-32e62ea7382a,47,0,45
111,2017,c7d8781f-b9f6-4e0f-b0b6-29fce3985f3e,ad4ae08f-d808-42d5-a1e6-e9bc4e34d123,33,0,31
112,2017,cd0f4ef0-9914-4125-be4d-804a72350ceb,d5a2eb42-8065-4174-ab79-0a6fa820e35e,26,0,25
113,2017,20a0bad2-d530-4ff4-a2df-5c0a21a1f5db,ebd87119-b331-4469-9ea6-d51fe3ce2f1c,39,0,39
114,2017,441eb531-1ec8-4f65-9174-78bc6adada63,cb2f9f1f-ac67-424e-9e72-1475cb0ed398,39,1,37
115,2017,9ecf8040-10f9-4a5c-92da-1b4d77bd6760,82cf9565-6eb9-4f01-bdbd-5aa0d472fcd9,24,0,22
116,2017,69bdf41e-3c32-46c1-93b8-e952edf5c61d,f7ddd7fa-0bae-4f90-bc8e-669e4d6cf2de,24,1,22
117,2017,7af4c94b-529b-4403-ab66-2bfed3fcf0c7,f7ddd7fa-0bae-4f90-bc8e-669e4d6cf2de,17,0,15
118,2017,203b60aa-cb94-499c-a4ca-d3c6b94dddc4,82d2d380-3834-4938-835f-aec541e5ece7,35,0,32
119,2017,ecc4f0c1-64e0-46cc-9b58-91c2b215e62a,d26a1ca5-722d-4274-8f97-c92e49c96315,33,1,31
120,2017,6444feb1-f5a4-4b45-9a45-79308a4445fd,ce92bd47-93d5-4fe9-ada4-0fc681e6caa0,27,0,27
121,2017,4ceb866c-8eaf-49b5-9043-56228e43a2e5,6680d28d-d4d2-49f6-aace-5292d3ec02c2,28,0,28
122,2017,d96ff17c-841a-4768-8e08-3a4cfcb7f717,6680d28d-d4d2-49f6-aace-5292d3ec02c2,12,0,12
123,2017,be449b4d-799c-4045-8e9e-e8a7fd7c2cc8,1c1cec48-6352-4556-b789-35304c1a6ae1,34,0,33
124,2017,beb64618-614c-49f7-a3aa-c0c75b7839ea,e627eec7-bbae-4fa4-8e73-8e1d6bc5c060,28,0,26
125,2017,e017e12b-07a7-4a35-b837-2faa9ffe3ce8,e627eec7-bbae-4fa4-8e73-8e1d6bc5c060,8,0,8
126,2017,059e5bb7-1842-4558-9aaf-77c352a21216,386bdbf9-9eea-4869-bb9a-274b0bc66e80,42,0,39
127,2017,596c4000-ede5-45b0-8336-33efeb686d2b,386bdbf9-9eea-4869-bb9a-274b0bc66e80,2,0,1
128,2017,8fb2ca06-3d13-4552-98e0-7b913b4ab5b9,04aa1c9d-66da-489d-b16a-1dee3f2eec4d,23,2,20
129,2017,058c99fc-470c-4579-a165-03e043335cc1,22052ff7-c065-42ee-bc8f-c4691c50e624,19,0,18
130,2017,d96ff17c-841a-4768-8e08-3a4cfcb7f717,7b112545-38e6-483c-a55c-96cf6ee49cb8,2,0,2
131,2017,e017e12b-07a7-4a35-b837-2faa9ffe3ce8,7b112545-38e6-483c-a55c-96cf6ee49cb8,9,1,7
132,2017,67f5e782-f91c-4536-9818-cf4a0e7e821d,c5a59daa-53a7-4de0-851f-fb12be893e9e,41,0,40
133,2017,e0856548-6fd5-4f83-9aa0-91f1bf4cbbd8,a20471b4-a8d9-40c7-95ad-90cc30e46932,35,0,33
134,2017,5514afb6-bd43-49a8-9bf7-b8baaaecdabe,33405046-04ee-4058-a950-d606f8c30852,39,2,34
135,2017,218d1644-603e-4da3-9ce1-48ce3927494f,e6aa13a4-0055-48a9-bc41-be28dc106929,35,0,35
136,2017,63f8a401-f308-4463-9d0b-4335b98da682,f14bf5cc-9a82-4a38-bc15-d39f75ed5314,37,1,34
137,2017,c4cf84d0-6022-4ac1-a9ba-85587921c53f,0d855753-ea21-4953-89f9-0e20aff9eb73,50,2,47
138,2017,abd73d50-ce60-47f1-b37f-2f9a05b0d7b9,f0e724b0-4cbf-495a-be47-013907608da9,30,1,28
139,2017,e5247e5f-c4af-4a9b-8c7c-da75ef7fbf8d,de760528-1dc0-416a-a978-b510d20692ff,26,2,23
140,2017,93d11276-45d2-4168-a9b7-df0cbf12dabb,2eff2a03-54d4-46ba-890e-2bc3925548f3,46,0,44
141,2017,f61e6429-3f9b-478c-8697-e00fe813ce9c,2eff2a03-54d4-46ba-890e-2bc3925548f3,5,0,4
142,2018,40cda44b-2ee3-4ad1-834e-995e30db84d4,768c92aa-75ff-4a43-bcc0-f2798c2e1724,26,0,25
143,2018,5ffb654f-0de5-424b-aa2f-ad511deb5b51,4809ecb0-abd3-451d-9c4a-92a90b83ca06,36,0,35
144,2018,7af4c94b-529b-4403-ab66-2bfed3fcf0c7,5fee86ae-74ab-4bdd-8416-42a9dd9964f3,33,0,30
145,2018,a527b7db-0b52-4379-9e4c-2e08c1fe1bed,97354895-8c77-4fd4-a860-32e62ea7382a,50,0,49
146,2018,c7d8781f-b9f6-4e0f-b0b6-29fce3985f3e,ad4ae08f-d808-42d5-a1e6-e9bc4e34d123,41,0,39
147,2018,a2aab80d-174c-4639-beac-e2b70bb3625f,d5a2eb42-8065-4174-ab79-0a6fa820e35e,29,0,25
148,2018,cd0f4ef0-9914-4125-be4d-804a72350ceb,d5a2eb42-8065-4174-ab79-0a6fa820e35e,5,0,3
149,2018,20a0bad2-d530-4ff4-a2df-5c0a21a1f5db,ebd87119-b331-4469-9ea6-d51fe3ce2f1c,37,0,36
150,2018,441eb531-1ec8-4f65-9174-78bc6adada63,cb2f9f1f-ac67-424e-9e72-1475cb0ed398,48,0,43
151,2018,bd49c4a4-1314-45e1-bff5-fc67ba41d1dd,cb2f9f1f-ac67-424e-9e72-1475cb0ed398,1,0,1
152,2018,9ecf8040-10f9-4a5c-92da-1b4d77bd6760,82cf9565-6eb9-4f01-bdbd-5aa0d472fcd9,47,0,44
153,2018,5514afb6-bd43-49a8-9bf7-b8baaaecdabe,f7ddd7fa-0bae-4f90-bc8e-669e4d6cf2de,3,0,3
154,2018,69bdf41e-3c32-46c1-93b8-e952edf5c61d,f7ddd7fa-0bae-4f90-bc8e-669e4d6cf2de,20,1,19
155,2018,203b60aa-cb94-499c-a4ca-d3c6b94dddc4,82d2d380-3834-4938-835f-aec541e5ece7,41,0,39
156,2018,ecc4f0c1-64e0-46cc-9b58-91c2b215e62a,d26a1ca5-722d-4274-8f97-c92e49c96315,31,1,28
157,2018,6444feb1-f5a4-4b45-9a45-79308a4445fd,ce92bd47-93d5-4fe9-ada4-0fc681e6caa0,35,0,35
158,2018,375b0d7f-8d03-4111-8c1b-62907f0326a1,1f6dcffb-9823-43cd-9ff4-e7a8466749b5,28,0,27
159,2018,596c4000-ede5-45b0-8336-33efeb686d2b,1f6dcffb-9823-43cd-9ff4-e7a8466749b5,15,0,9
160,2018,4ceb866c-8eaf-49b5-9043-56228e43a2e5,6680d28d-d4d2-49f6-aace-5292d3ec02c2,69,1,65
161,2018,7bb70550-c28a-4e47-9a13-cc0c0fef8b38,1c1cec48-6352-4556-b789-35304c1a6ae1,18,0,18
162,2018,bd49c4a4-1314-45e1-bff5-fc67ba41d1dd,1c1cec48-6352-4556-b789-35304c1a6ae1,5,0,5
163,2018,e017e12b-07a7-4a35-b837-2faa9ffe3ce8,1c1cec48-6352-4556-b789-35304c1a6ae1,5,1,4
164,2018,99c9de87-7fe1-4d5e-928e-586f48af2d79,e627eec7-bbae-4fa4-8e73-8e1d6bc5c060,33,0,32
165,2018,059e5bb7-1842-4558-9aaf-77c352a21216,386bdbf9-9eea-4869-bb9a-274b0bc66e80,35,0,33
166,2018,8fb2ca06-3d13-4552-98e0-7b913b4ab5b9,04aa1c9d-66da-489d-b16a-1dee3f2eec4d,32,0,31
167,2018,058c99fc-470c-4579-a165-03e043335cc1,22052ff7-c065-42ee-bc8f-c4691c50e624,26,0,25
168,2018,4b99ead5-0f79-4899-84a7-075c08890698,7b112545-38e6-483c-a55c-96cf6ee49cb8,45,0,42
169,2018,67f5e782-f91c-4536-9818-cf4a0e7e821d,c5a59daa-53a7-4de0-851f-fb12be893e9e,30,0,30
170,2018,e0856548-6fd5-4f83-9aa0-91f1bf4cbbd8,a20471b4-a8d9-40c7-95ad-90cc30e46932,36,0,34
171,2018,7bb70550-c28a-4e47-9a13-cc0c0fef8b38,33405046-04ee-4058-a950-d606f8c30852,6,0,6
172,2018,beb64618-614c-49f7-a3aa-c0c75b7839ea,33405046-04ee-4058-a950-d606f8c30852,31,0,30
173,2018,0d1171d4-c955-4966-9257-640b569866d1,4254d319-1bc7-4f81-b4ab-b5e6f3402b69,27,0,23
174,2018,d96ff17c-841a-4768-8e08-3a4cfcb7f717,4254d319-1bc7-4f81-b4ab-b5e6f3402b69,17,0,17
175,2018,218d1644-603e-4da3-9ce1-48ce3927494f,e6aa13a4-0055-48a9-bc41-be28dc106929,35,0,33
176,2018,be449b4d-799c-4045-8e9e-e8a7fd7c2cc8,e6aa13a4-0055-48a9-bc41-be28dc106929,8,0,8
177,2018,0d1171d4-c955-4966-9257-640b569866d1,f14bf5cc-9a82-4a38-bc15-d39f75ed5314,8,0,7
178,2018,63f8a401-f308-4463-9d0b-4335b98da682,f14bf5cc-9a82-4a38-bc15-d39f75ed5314,33,0,30
179,2018,c4cf84d0-6022-4ac1-a9ba-85587921c53f,0d855753-ea21-4953-89f9-0e20aff9eb73,53,0,52
180,2018,abd73d50-ce60-47f1-b37f-2f9a05b0d7b9,f0e724b0-4cbf-495a-be47-013907608da9,29,0,27
181,2018,bd49c4a4-1314-45e1-bff5-fc67ba41d1dd,de760528-1dc0-416a-a978-b510d20692ff,3,0,3
182,2018,cd0f4ef0-9914-4125-be4d-804a72350ceb,de760528-1dc0-416a-a978-b510d20692ff,6,0,5
183,2018,e5247e5f-c4af-4a9b-8c7c-da75ef7fbf8d,de760528-1dc0-416a-a978-b510d20692ff,15,0,15
184,2018,93d11276-45d2-4168-a9b7-df0cbf12dabb,2eff2a03-54d4-46ba-890e-2bc3925548f3,36,0,35
185,2018,d96ff17c-841a-4768-8e08-3a4cfcb7f717,2eff2a03-54d4-46ba-890e-2bc3925548f3,6,0,5
186,2018,f61e6429-3f9b-478c-8697-e00fe813ce9c,2eff2a03-54d4-46ba-890e-2bc3925548f3,10,0,10
187,2018,480277d1-47c9-44df-969e-038a84cd0fea,3d08af9e-c767-4f88-a7dc-b920c6d2b4a8,51,0,48
